{
  "swagger": "2.0",
  "info": {
    "title": "Notes API",
    "version": "1.0.0",
    "description": "API for creating and managing notes"
  },
  "basePath": "/api",
  "paths": {
    "/": {
      "get": {
        "summary": "Get API info",
        "description": "Returns info about current API",
        "produces": [
          "application/json"
        ],
        "responses": {
          "200": {
            "description": "OK",
            "schema": {
              "type": "object",
              "properties": {
                "name": {
                  "type": "string"
                },
                "description": {
                  "type": "string"
                },
                "version": {
                  "type": "string"
                }
              }
            }
          }
        }
      }
    },
    "/notes": {
      "get": {
        "summary": "Get all notes",
        "description": "Returns a list of all notes",
        "produces": [
          "application/json"
        ],
        "responses": {
          "200": {
            "description": "OK",
            "schema": {
              "type": "object",
              "properties": {
                "data": {
                  "type": "array",
                  "items": {
                    "type": "object",
                    "properties": {
                      "id": {
                        "type": "string"
                      },
                      "title": {
                        "type": "string"
                      },
                      "content": {
                        "type": "string"
                      }
                    }
                  }
                },
                "status": {
                  "type": "string",
                  "example": "success"
                }
              }
            }
          }
        }
      },
      "post": {
        "summary": "Create a new note",
        "description": "Creates a new note",
        "consumes": [
          "application/json"
        ],
        "parameters": [
          {
            "name": "note",
            "in": "body",
            "required": true,
            "schema": {
              "type": "object",
              "properties": {
                "title": {
                  "type": "string"
                },
                "content": {
                  "type": "string"
                }
              }
            }
          }
        ],
        "responses": {
          "201": {
            "description": "OK",
            "schema": {
              "type": "object",
              "properties": {
                "data": {
                  "type": "object",
                  "properties": {
                    "id": {
                      "type": "string"
                    },
                    "title": {
                      "type": "string"
                    },
                    "content": {
                      "type": "string"
                    }
                  }
                },
                "status": {
                  "type": "string",
                  "example": "success"
                }
              }
            }
          }
        }
      }
    },
    "/notes/{id}": {
      "get": {
        "summary": "Get a single note",
        "description": "Returns a single note",
        "produces": [
          "application/json"
        ],
        "parameters": [
          {
            "name": "id",
            "in": "path",
            "required": true,
            "type": "string"
          }
        ],
        "responses": {
          "200": {
            "description": "OK",
            "schema": {
              "type": "object",
              "properties": {
                "data": {
                  "type": "object",
                  "properties": {
                    "id": {
                      "type": "string"
                    },
                    "title": {
                      "type": "string"
                    },
                    "content": {
                      "type": "string"
                    }
                  }
                },
                "status": {
                  "type": "string",
                  "example": "success"
                }
              }
            }
          },
          "404": {
            "description": "Not found",
            "schema": {
              "type": "object",
              "properties": {
                "message": {
                  "type": "string",
                  "example": "Note with ID not found"

                },
                "status": {
                  "type": "string",
                  "example": "error"
                }
              }
            }
          }
        }
      },
      "delete": {
        "summary": "Delete note",
        "description": "Delete a single note by ID",
        "produces": [
          "application/json"
        ],
        "parameters": [
          {
            "name": "id",
            "in": "path",
            "required": true,
            "type": "string"
          }
        ],
        "responses": {
          "204": {
            "description": "OK",
            "schema": {
            }
          },
          "404": {
            "description": "Not found",
            "schema": {
              "type": "object",
              "properties": {
                "message": {
                  "type": "string",
                  "example": "Note with ID not found"

                },
                "status": {
                  "type": "string",
                  "example": "error"
                }
              }
            }
          }
        }
      }
    }
  }
}

